{"stats":{"minecraft:dropped":{"minecraft:observer":2,"minecraft:command_block":7,"minecraft:rail":1,"minecraft:grass_block":1,"minecraft:stone_button":1,"minecraft:white_concrete":1,"minecraft:black_concrete":2,"minecraft:armor_stand":1,"minecraft:note_block":3,"minecraft:player_head":2,"minecraft:oak_sign":2,"minecraft:filled_map":1,"minecraft:leather_chestplate":1,"minecraft:leather_boots":1,"minecraft:leather_leggings":1,"minecraft:stone_bricks":2,"minecraft:chain_command_block":2},"minecraft:custom":{"minecraft:mob_kills":79,"minecraft:interact_with_crafting_table":2,"minecraft:open_barrel":2,"minecraft:leave_game":189,"minecraft:time_since_death":19355,"minecraft:climb_one_cm":22825,"minecraft:sprint_one_cm":3488669,"minecraft:walk_one_cm":5154789,"minecraft:drop":32,"minecraft:talked_to_villager":1,"minecraft:deaths":91,"minecraft:sneak_time":57018,"minecraft:walk_under_water_one_cm":58094,"minecraft:interact_with_lectern":26,"minecraft:jump":14654,"minecraft:walk_on_water_one_cm":9938,"minecraft:tune_noteblock":255,"minecraft:play_one_minute":2760262,"minecraft:pot_flower":5,"minecraft:time_since_rest":19380,"minecraft:damage_taken":3443,"minecraft:minecart_one_cm":33912,"minecraft:damage_dealt":12504,"minecraft:swim_one_cm":27764,"minecraft:fly_one_cm":16542259,"minecraft:open_chest":32,"minecraft:crouch_one_cm":71848,"minecraft:fall_one_cm":61097,"minecraft:inspect_dispenser":1},"minecraft:crafted":{"minecraft:shield":1},"minecraft:used":{"minecraft:oak_fence":4,"minecraft:light_blue_stained_glass_pane":23,"minecraft:nether_brick_fence":10,"minecraft:orange_concrete_powder":30,"minecraft:iron_bars":63,"minecraft:writable_book":2,"minecraft:enchanting_table":2,"minecraft:flint_and_steel":13,"minecraft:dispenser":1,"minecraft:smooth_quartz_slab":85,"minecraft:red_concrete":106,"minecraft:armor_stand":12,"minecraft:ladder":26,"minecraft:spruce_slab":72,"minecraft:redstone":195,"minecraft:bone_block":6,"minecraft:oak_sign":231,"minecraft:light_gray_carpet":39,"minecraft:black_carpet":6,"minecraft:spruce_planks":501,"minecraft:chest":8,"minecraft:stone":78,"minecraft:quartz_stairs":102,"minecraft:player_head":289,"minecraft:structure_block":28,"minecraft:green_terracotta":9,"minecraft:oak_door":2,"minecraft:debug_stick":523,"minecraft:orange_stained_glass":4,"minecraft:torch":15,"minecraft:dirt":56,"minecraft:anvil":1,"minecraft:skeleton_spawn_egg":1,"minecraft:white_carpet":9,"minecraft:blue_stained_glass":42,"minecraft:nether_quartz_ore":2,"minecraft:spruce_stairs":22,"minecraft:jungle_planks":40,"minecraft:cobblestone_wall":2,"minecraft:jungle_slab":56,"minecraft:stone_stairs":33,"minecraft:spruce_fence":1,"minecraft:light_blue_stained_glass":9,"minecraft:blue_concrete":9,"minecraft:obsidian":46,"minecraft:birch_door":15,"minecraft:stone_brick_slab":10,"minecraft:glass":198,"minecraft:dark_oak_planks":5,"minecraft:yellow_stained_glass":38,"minecraft:sea_lantern":1856,"minecraft:quartz_slab":13,"minecraft:lava_bucket":221,"minecraft:coal_ore":251,"minecraft:bricks":38,"minecraft:grass_block":80,"minecraft:bookshelf":4,"minecraft:quartz_pillar":22,"minecraft:villager_spawn_egg":1,"minecraft:iron_block":12,"minecraft:black_stained_glass_pane":38,"minecraft:red_wool":44,"minecraft:lantern":19,"minecraft:light_weighted_pressure_plate":21,"minecraft:quartz_block":3,"minecraft:acacia_slab":42,"minecraft:polished_andesite_stairs":4,"minecraft:green_wool":1,"minecraft:smooth_quartz":22,"minecraft:diorite_wall":2,"minecraft:pink_wool":22,"minecraft:stone_brick_stairs":15,"minecraft:barrel":6,"minecraft:stone_bricks":2529,"minecraft:item_frame":621,"minecraft:repeater":199,"minecraft:glowstone":221,"minecraft:light_gray_wool":8,"minecraft:snow":75,"minecraft:birch_trapdoor":5,"minecraft:redstone_lamp":95,"minecraft:lime_concrete":614,"minecraft:brown_carpet":5,"minecraft:black_stained_glass":59,"minecraft:magenta_wool":52,"minecraft:emerald_block":54,"minecraft:written_book":21,"minecraft:iron_trapdoor":16,"minecraft:furnace":1,"minecraft:lime_stained_glass":35,"minecraft:oak_sapling":9,"minecraft:white_stained_glass_pane":152,"minecraft:minecart":25,"minecraft:gold_block":40,"minecraft:skeleton_skull":2,"minecraft:stone_pressure_plate":73,"minecraft:observer":47,"minecraft:dark_prismarine_stairs":5,"minecraft:dark_oak_stairs":24,"minecraft:water_bucket":10,"minecraft:iron_ore":105,"minecraft:cow_spawn_egg":1,"minecraft:jigsaw":3,"minecraft:spruce_door":6,"minecraft:birch_planks":8,"minecraft:gray_carpet":7,"minecraft:red_stained_glass":11,"minecraft:powered_rail":11,"minecraft:dark_oak_sign":5,"minecraft:lime_wool":198,"minecraft:oak_planks":24,"minecraft:blue_wool":44,"minecraft:sandstone":262,"minecraft:redstone_block":222,"minecraft:structure_void":1,"minecraft:spruce_sign":2,"minecraft:gold_ore":90,"minecraft:smooth_quartz_stairs":345,"minecraft:oak_leaves":4,"minecraft:white_wool":65,"minecraft:pink_concrete":22,"minecraft:diamond_block":118,"minecraft:dark_oak_trapdoor":51,"minecraft:rail":6,"minecraft:terracotta":93,"minecraft:purpur_stairs":3,"minecraft:sand":89,"minecraft:comparator":3,"minecraft:light_blue_concrete":522,"minecraft:cyan_glazed_terracotta":50,"minecraft:crafting_table":4,"minecraft:red_bed":2,"minecraft:birch_sign":2,"minecraft:black_banner":23,"minecraft:white_bed":2,"minecraft:sponge":43,"minecraft:light_gray_concrete_powder":450,"minecraft:stone_brick_wall":4,"minecraft:note_block":36,"minecraft:gray_concrete":366,"minecraft:skeleton_horse_spawn_egg":1,"minecraft:painting":456,"minecraft:cake":1,"minecraft:dark_oak_door":16,"minecraft:redstone_torch":70,"minecraft:oak_log":16,"minecraft:purple_stained_glass":2,"minecraft:sticky_piston":47,"minecraft:blue_glazed_terracotta":6,"minecraft:dark_prismarine":1,"minecraft:lever":76,"minecraft:green_concrete":142,"minecraft:flower_pot":6,"minecraft:black_wool":154,"minecraft:black_concrete":2860,"minecraft:firework_rocket":1,"minecraft:acacia_door":5,"minecraft:birch_slab":5,"minecraft:gray_stained_glass_pane":4,"minecraft:command_block":334,"minecraft:light_gray_concrete":688,"minecraft:heavy_weighted_pressure_plate":7,"minecraft:barrier":149,"minecraft:brown_stained_glass":1,"minecraft:stone_button":122,"minecraft:oak_button":4,"minecraft:spruce_pressure_plate":4,"minecraft:detector_rail":3,"minecraft:lectern":12,"minecraft:cyan_concrete":2,"minecraft:spruce_trapdoor":63,"minecraft:oak_pressure_plate":1,"minecraft:iron_door":65,"minecraft:cat_spawn_egg":3,"minecraft:yellow_wool":56,"minecraft:blue_carpet":17,"minecraft:green_carpet":17,"minecraft:diamond_sword":110,"minecraft:cobblestone":30,"minecraft:end_crystal":10,"minecraft:pink_stained_glass":2,"minecraft:dark_oak_fence":35,"minecraft:white_stained_glass":365,"minecraft:chain_command_block":254,"minecraft:glass_pane":53,"minecraft:repeating_command_block":43,"minecraft:smooth_stone_slab":2,"minecraft:white_concrete":1903,"minecraft:cobweb":7,"minecraft:bone_meal":119,"minecraft:smooth_stone":343,"minecraft:purple_wool":178,"minecraft:birch_stairs":4,"minecraft:gray_stained_glass":1},"minecraft:mined":{"minecraft:white_bed":1},"minecraft:killed":{"minecraft:zombie_pigman":5,"minecraft:skeleton":13,"minecraft:chicken":3,"minecraft:cat":13,"minecraft:creeper":5,"minecraft:sheep":1,"minecraft:zombie":5,"minecraft:wither_skeleton":6,"minecraft:villager":20,"minecraft:cow":5},"minecraft:picked_up":{"minecraft:birch_door":2,"minecraft:wheat":12,"minecraft:chicken":3,"minecraft:leather_leggings":2,"minecraft:enchanted_book":1,"minecraft:heavy_weighted_pressure_plate":1,"minecraft:string":16,"minecraft:item_frame":178,"minecraft:experience_bottle":2,"minecraft:oak_sign":36,"minecraft:gold_nugget":1,"minecraft:black_shulker_box":1,"minecraft:light_weighted_pressure_plate":1,"minecraft:beef":10,"minecraft:redstone_torch":11,"minecraft:player_head":91,"minecraft:observer":2,"minecraft:dark_oak_door":2,"minecraft:sandstone":42,"minecraft:torch":4,"minecraft:note_block":3,"minecraft:stone_button":26,"minecraft:carrot":5,"minecraft:redstone":19,"minecraft:blue_carpet":5,"minecraft:stone_pressure_plate":16,"minecraft:repeating_command_block":1,"minecraft:stone_sword":2,"minecraft:arrow":26,"minecraft:command_block":7,"minecraft:rotten_flesh":8,"minecraft:black_banner":1,"minecraft:mutton":1,"minecraft:white_wool":1,"minecraft:skeleton_skull":1,"minecraft:rail":1,"minecraft:cobblestone":1,"minecraft:leather_chestplate":1,"minecraft:feather":5,"minecraft:repeater":21,"minecraft:iron_door":6,"minecraft:leather":9,"minecraft:potato":1,"minecraft:filled_map":90,"minecraft:gunpowder":6,"minecraft:lantern":4,"minecraft:white_banner":4,"minecraft:light_gray_concrete_powder":5,"minecraft:leather_boots":1,"minecraft:bone":17,"minecraft:stone_bricks":4,"minecraft:stone_pickaxe":1,"minecraft:powered_rail":6,"minecraft:chain_command_block":5,"minecraft:sand":2,"minecraft:grass_block":1,"minecraft:dark_oak_log":6,"minecraft:sea_lantern":1,"minecraft:spruce_door":1,"minecraft:firework_rocket":63,"minecraft:black_concrete":3,"minecraft:lever":7,"minecraft:crossbow":2,"minecraft:painting":16,"minecraft:white_concrete":2,"minecraft:oak_button":1,"minecraft:light_gray_carpet":1,"minecraft:coal":2}},"DataVersion":1976}